Biological Process	n
regulation of cell morphogenesis	10
ncRNA processing	9
pattern specification process	9
peptidyl-serine modification	8
peptidyl-serine phosphorylation	8
regulation of Wnt signaling pathway	8
ribonucleoprotein complex biogenesis	8
organic anion transport	7
proteasomal protein catabolic process	7
proteasome-mediated ubiquitin-dependent protein catabolic process	7
regionalization	7
anterior/posterior pattern specification	6
appendage development	6
canonical Wnt signaling pathway	6
embryonic organ development	6
embryonic organ morphogenesis	6
gland development	6
limb development	6
methylation	6
negative regulation of cell cycle process	6
nucleoside phosphate biosynthetic process	6
nucleotide biosynthetic process	6
organic hydroxy compound metabolic process	6
protein modification by small protein removal	6
regulation of chemotaxis	6
regulation of DNA metabolic process	6
regulation of multi-organism process	6
rhythmic process	6
ribosome biogenesis	6
activation of innate immune response	5
anion transmembrane transport	5
axon development	5
axon guidance	5
axonogenesis	5
calcium ion homeostasis	5
calcium ion transport	5
cell growth	5
cellular calcium ion homeostasis	5
cellular divalent inorganic cation homeostasis	5
covalent chromatin modification	5
divalent inorganic cation homeostasis	5
divalent inorganic cation transport	5
divalent metal ion transport	5
DNA-templated transcription, initiation	5
histone modification	5
innate immune response-activating signal transduction	5
maintenance of cell number	5
mitochondrial transport	5
muscle tissue development	5
neuron projection guidance	5
nuclear transport	5
nucleocytoplasmic transport	5
organophosphate catabolic process	5
positive regulation of catabolic process	5
positive regulation of cellular catabolic process	5
positive regulation of defense response	5
positive regulation of DNA metabolic process	5
positive regulation of innate immune response	5
protein deubiquitination	5
protein localization to nucleus	5
regulation of body fluid levels	5
regulation of cell cycle phase transition	5
regulation of cell growth	5
regulation of innate immune response	5
response to peptide	5
response to peptide hormone	5
RNA splicing	5
rRNA metabolic process	5
rRNA processing	5
sodium ion transport	5
stem cell differentiation	5
stem cell population maintenance	5
striated muscle tissue development	5
appendage morphogenesis	4
axis specification	4
calcium ion transmembrane transport	4
carboxylic acid transmembrane transport	4
carboxylic acid transport	4
cell cycle G2/M phase transition	4
cellular amino acid metabolic process	4
cellular ketone metabolic process	4
cellular response to peptide	4
cellular response to peptide hormone stimulus	4
cilium assembly	4
cilium organization	4
circadian rhythm	4
coenzyme biosynthetic process	4
coenzyme metabolic process	4
cofactor biosynthetic process	4
developmental growth involved in morphogenesis	4
DNA conformation change	4
endomembrane system organization	4
import into nucleus	4
limb morphogenesis	4
lipid localization	4
lipid transport	4
membrane docking	4
modulation of chemical synaptic transmission	4
mRNA processing	4
mRNA splicing, via spliceosome	4
muscle cell differentiation	4
negative regulation of cell adhesion	4
negative regulation of organelle organization	4
negative regulation of phosphorylation	4
negative regulation of protein phosphorylation	4
negative regulation of Wnt signaling pathway	4
neutrophil activation	4
neutrophil activation involved in immune response	4
neutrophil degranulation	4
neutrophil mediated immunity	4
nucleic acid phosphodiester bond hydrolysis	4
nucleobase-containing compound transport	4
nucleobase-containing small molecule biosynthetic process	4
nucleoside monophosphate metabolic process	4
nucleoside phosphate catabolic process	4
nucleotide catabolic process	4
organelle localization by membrane tethering	4
organic acid transmembrane transport	4
organic acid transport	4
pattern recognition receptor signaling pathway	4
peptidyl-threonine modification	4
peptidyl-threonine phosphorylation	4
positive regulation of cell migration	4
positive regulation of cellular protein localization	4
positive regulation of establishment of protein localization	4
positive regulation of multi-organism process	4
positive regulation of protein transport	4
positive regulation of proteolysis	4
positive regulation of Wnt signaling pathway	4
protein import	4
protein import into nucleus	4
protein maturation	4
protein polyubiquitination	4
protein-containing complex disassembly	4
purine nucleoside monophosphate metabolic process	4
purine ribonucleoside monophosphate metabolic process	4
regulation of anatomical structure size	4
regulation of angiogenesis	4
regulation of axon guidance	4
regulation of axonogenesis	4
regulation of canonical Wnt signaling pathway	4
regulation of cell cycle G2/M phase transition	4
regulation of cell morphogenesis involved in differentiation	4
regulation of cell shape	4
regulation of developmental growth	4
regulation of DNA binding transcription factor activity	4
regulation of membrane potential	4
regulation of neuron projection development	4
regulation of protein catabolic process	4
regulation of small molecule metabolic process	4
regulation of symbiosis, encompassing mutualism through parasitism	4
regulation of synaptic plasticity	4
regulation of trans-synaptic signaling	4
regulation of vasculature development	4
regulation of viral process	4
renal system development	4
reproductive structure development	4
reproductive system development	4
response to endoplasmic reticulum stress	4
ribonucleoside monophosphate metabolic process	4
RNA catabolic process	4
RNA localization	4
RNA splicing, via transesterification reactions	4
RNA splicing, via transesterification reactions with bulged adenosine as nucleophile	4
sensory organ morphogenesis	4
signal release	4
skeletal system development	4
sodium ion transmembrane transport	4
transcription initiation from RNA polymerase II promoter	4
tRNA metabolic process	4
urogenital system development	4
alcohol metabolic process	3
amino acid transmembrane transport	3
amino acid transport	3
anatomical structure homeostasis	3
anterior/posterior axis specification	3
axon extension	3
axon extension involved in axon guidance	3
blood coagulation	3
cardiac conduction	3
cardiocyte differentiation	3
cell cycle arrest	3
cell fate commitment	3
cellular response to abiotic stimulus	3
cellular response to acid chemical	3
cellular response to drug	3
cellular response to environmental stimulus	3
cellular response to oxidative stress	3
chromatin remodeling	3
chromosome segregation	3
ciliary basal body-plasma membrane docking	3
coagulation	3
developmental cell growth	3
developmental induction	3
double-strand break repair	3
drug transport	3
ear development	3
ear morphogenesis	3
endocrine system development	3
epithelial cell proliferation	3
ERK1 and ERK2 cascade	3
establishment of RNA localization	3
fibroblast proliferation	3
G2/M transition of mitotic cell cycle	3
glycerolipid metabolic process	3
glycerophospholipid metabolic process	3
glycoprotein biosynthetic process	3
glycoprotein metabolic process	3
glycosylation	3
Golgi organization	3
heart contraction	3
heart process	3
hemostasis	3
hormone metabolic process	3
hormone secretion	3
hormone transport	3
humoral immune response	3
immune response-activating cell surface receptor signaling pathway	3
immune response-regulating cell surface receptor signaling pathway	3
kidney development	3
lipid modification	3
long-term synaptic potentiation	3
macromolecule glycosylation	3
macromolecule methylation	3
mammary gland development	3
mammary gland epithelium development	3
mesenchyme development	3
mitochondrial membrane organization	3
mitochondrial transmembrane transport	3
mitotic nuclear division	3
mitotic sister chromatid segregation	3
morphogenesis of a branching epithelium	3
morphogenesis of a branching structure	3
mRNA catabolic process	3
multicellular organismal signaling	3
muscle cell migration	3
muscle organ development	3
negative regulation of angiogenesis	3
negative regulation of blood vessel morphogenesis	3
negative regulation of canonical Wnt signaling pathway	3
negative regulation of cell growth	3
negative regulation of cellular amide metabolic process	3
negative regulation of growth	3
negative regulation of translation	3
negative regulation of transport	3
negative regulation of vasculature development	3
neuron death	3
neuron projection extension	3
neuron projection extension involved in neuron projection guidance	3
neurotransmitter transport	3
non-canonical Wnt signaling pathway	3
nuclear chromosome segregation	3
nuclear division	3
nucleic acid transport	3
nucleoside triphosphate biosynthetic process	3
nucleoside triphosphate metabolic process	3
organelle fission	3
organophosphate ester transport	3
oxidoreduction coenzyme metabolic process	3
peptidyl-lysine modification	3
phagocytosis	3
phosphatidylinositol metabolic process	3
phospholipid metabolic process	3
platelet activation	3
positive regulation of axonogenesis	3
positive regulation of cell cycle	3
positive regulation of cell morphogenesis involved in differentiation	3
positive regulation of cell projection organization	3
positive regulation of cellular protein catabolic process	3
positive regulation of cytokine production	3
positive regulation of nervous system development	3
positive regulation of neurogenesis	3
positive regulation of neuron differentiation	3
positive regulation of neuron projection development	3
positive regulation of proteasomal protein catabolic process	3
positive regulation of protein catabolic process	3
positive regulation of protein modification by small protein conjugation or removal	3
positive regulation of protein serine/threonine kinase activity	3
positive regulation of protein ubiquitination	3
positive regulation of proteolysis involved in cellular protein catabolic process	3
positive regulation of secretion	3
positive regulation of small molecule metabolic process	3
positive regulation of synaptic transmission	3
potassium ion transport	3
protein acylation	3
protein autophosphorylation	3
protein folding	3
protein glycosylation	3
protein homooligomerization	3
protein localization to cytoskeleton	3
protein localization to microtubule cytoskeleton	3
protein processing	3
purine nucleotide biosynthetic process	3
purine nucleotide catabolic process	3
purine ribonucleotide biosynthetic process	3
purine-containing compound biosynthetic process	3
purine-containing compound catabolic process	3
regulation of apoptotic signaling pathway	3
regulation of axon extension	3
regulation of axon extension involved in axon guidance	3
regulation of binding	3
regulation of blood circulation	3
regulation of cell size	3
regulation of cellular component size	3
regulation of cellular protein catabolic process	3
regulation of chromosome organization	3
regulation of extent of cell growth	3
regulation of fibroblast proliferation	3
regulation of G2/M transition of mitotic cell cycle	3
regulation of heart contraction	3
regulation of ion transmembrane transport	3
regulation of lipid metabolic process	3
regulation of metal ion transport	3
regulation of microtubule cytoskeleton organization	3
regulation of microtubule-based process	3
regulation of mitotic cell cycle phase transition	3
regulation of mRNA catabolic process	3
regulation of mRNA metabolic process	3
regulation of neuron death	3
regulation of peptide secretion	3
regulation of proteasomal protein catabolic process	3
regulation of protein modification by small protein conjugation or removal	3
regulation of protein secretion	3
regulation of protein ubiquitination	3
regulation of proteolysis involved in cellular protein catabolic process	3
regulation of signal transduction by p53 class mediator	3
regulation of vesicle-mediated transport	3
regulation of viral life cycle	3
respiratory system development	3
response to acid chemical	3
response to dsRNA	3
response to oxidative stress	3
response to radiation	3
response to temperature stimulus	3
ribonucleotide biosynthetic process	3
ribose phosphate biosynthetic process	3
RNA phosphodiester bond hydrolysis	3
RNA transport	3
second-messenger-mediated signaling	3
secondary metabolic process	3
sex differentiation	3
signal transduction by p53 class mediator	3
sister chromatid segregation	3
skeletal muscle cell differentiation	3
skeletal muscle organ development	3
skeletal muscle tissue development	3
small molecule catabolic process	3
smoothened signaling pathway	3
stem cell proliferation	3
tRNA processing	3
viral life cycle	3
action potential	2
activation of MAPK activity	2
activation of protein kinase activity	2
alpha-amino acid metabolic process	2
ameboidal-type cell migration	2
amine metabolic process	2
animal organ formation	2
antigen processing and presentation	2
antigen processing and presentation of exogenous antigen	2
antigen processing and presentation of exogenous peptide antigen	2
antigen processing and presentation of exogenous peptide antigen via MHC class I	2
antigen processing and presentation of exogenous peptide antigen via MHC class I, TAP-dependent	2
antigen processing and presentation of peptide antigen	2
antigen processing and presentation of peptide antigen via MHC class I	2
antigen receptor-mediated signaling pathway	2
antimicrobial humoral response	2
apoptotic mitochondrial changes	2
ATP biosynthetic process	2
ATP metabolic process	2
ATP-dependent chromatin remodeling	2
autophagy	2
B cell activation	2
benzene-containing compound metabolic process	2
body fluid secretion	2
body morphogenesis	2
branching morphogenesis of an epithelial tube	2
camera-type eye development	2
carbohydrate derivative catabolic process	2
carbohydrate transmembrane transport	2
carbohydrate transport	2
carboxylic acid biosynthetic process	2
carboxylic acid catabolic process	2
cardiac cell development	2
cardiac muscle cell development	2
cardiac muscle cell differentiation	2
cardiac muscle tissue development	2
cell chemotaxis	2
cell migration in hindbrain	2
cell-cell adhesion via plasma-membrane adhesion molecules	2
cellular amine metabolic process	2
cellular carbohydrate metabolic process	2
cellular component assembly involved in morphogenesis	2
cellular potassium ion transport	2
cellular process involved in reproduction in multicellular organism	2
cellular protein complex disassembly	2
cellular response to ammonium ion	2
cellular response to decreased oxygen levels	2
cellular response to external stimulus	2
cellular response to extracellular stimulus	2
cellular response to fibroblast growth factor stimulus	2
cellular response to heat	2
cellular response to hypoxia	2
cellular response to insulin stimulus	2
cellular response to interleukin-1	2
cellular response to leukemia inhibitory factor	2
cellular response to nutrient levels	2
cellular response to oxygen levels	2
cellular response to reactive oxygen species	2
cellular response to starvation	2
cellular response to tumor necrosis factor	2
chemical synaptic transmission, postsynaptic	2
cranial skeletal system development	2
cyclic nucleotide metabolic process	2
cytoskeleton-dependent intracellular transport	2
dendrite development	2
dendrite morphogenesis	2
dephosphorylation	2
detection of abiotic stimulus	2
detection of external stimulus	2
development of primary sexual characteristics	2
DNA biosynthetic process	2
DNA geometric change	2
DNA packaging	2
DNA-templated transcription, elongation	2
dorsal/ventral pattern formation	2
drug transmembrane transport	2
ectodermal placode development	2
ectodermal placode formation	2
ectodermal placode morphogenesis	2
embryonic appendage morphogenesis	2
embryonic cranial skeleton morphogenesis	2
embryonic forelimb morphogenesis	2
embryonic hindlimb morphogenesis	2
embryonic limb morphogenesis	2
embryonic skeletal system development	2
embryonic skeletal system morphogenesis	2
energy derivation by oxidation of organic compounds	2
epithelial tube morphogenesis	2
ERAD pathway	2
establishment of organelle localization	2
eye development	2
face development	2
fat cell differentiation	2
fatty acid metabolic process	2
Fc receptor signaling pathway	2
Fc-epsilon receptor signaling pathway	2
female sex differentiation	2
fibroblast growth factor receptor signaling pathway	2
forebrain development	2
forelimb morphogenesis	2
gastrulation	2
gene silencing	2
gene silencing by miRNA	2
gene silencing by RNA	2
germ cell development	2
gland morphogenesis	2
glial cell differentiation	2
gliogenesis	2
glucose transmembrane transport	2
gonad development	2
head morphogenesis	2
heart morphogenesis	2
hematopoietic progenitor cell differentiation	2
hexose metabolic process	2
hexose transmembrane transport	2
hindbrain development	2
hindlimb morphogenesis	2
histone acetylation	2
in utero embryonic development	2
innate immune response activating cell surface receptor signaling pathway	2
inner ear development	2
inner ear morphogenesis	2
inositol lipid-mediated signaling	2
inositol phosphate metabolic process	2
insulin secretion	2
interaction with host	2
interleukin-1-mediated signaling pathway	2
internal peptidyl-lysine acetylation	2
internal protein amino acid acetylation	2
intracellular receptor signaling pathway	2
intrinsic apoptotic signaling pathway	2
kidney epithelium development	2
L-alpha-amino acid transmembrane transport	2
L-amino acid transport	2
leukocyte migration	2
limb bud formation	2
lipid catabolic process	2
lipid translocation	2
lipoprotein biosynthetic process	2
lipoprotein metabolic process	2
lung development	2
macroautophagy	2
macromolecule deacylation	2
male sex differentiation	2
maturation of SSU-rRNA	2
maturation of SSU-rRNA from tricistronic rRNA transcript (SSU-rRNA, 5.8S rRNA, LSU-rRNA)	2
mesenchymal cell differentiation	2
mesoderm development	2
mesoderm morphogenesis	2
mesonephric epithelium development	2
mesonephric tubule development	2
mesonephros development	2
metanephros development	2
microtubule cytoskeleton organization involved in mitosis	2
microtubule polymerization or depolymerization	2
mitochondrial gene expression	2
mitochondrial RNA metabolic process	2
mitochondrial RNA processing	2
mitochondrial tRNA processing	2
mitotic spindle organization	2
modification of morphology or physiology of other organism	2
monosaccharide metabolic process	2
monosaccharide transmembrane transport	2
monovalent inorganic cation homeostasis	2
motor neuron axon guidance	2
mRNA cleavage	2
mRNA transport	2
muscle cell development	2
muscle cell proliferation	2
muscle contraction	2
muscle system process	2
myoblast migration	2
ncRNA transcription	2
negative regulation of binding	2
negative regulation of catabolic process	2
negative regulation of cation transmembrane transport	2
negative regulation of cell activation	2
negative regulation of cell cycle G2/M phase transition	2
negative regulation of cell cycle phase transition	2
negative regulation of cell development	2
negative regulation of cellular protein localization	2
negative regulation of chromosome organization	2
negative regulation of cytoskeleton organization	2
negative regulation of DNA binding transcription factor activity	2
negative regulation of DNA metabolic process	2
negative regulation of fat cell differentiation	2
negative regulation of fibroblast proliferation	2
negative regulation of immune system process	2
negative regulation of ion transmembrane transport	2
negative regulation of ion transmembrane transporter activity	2
negative regulation of ion transport	2
negative regulation of kinase activity	2
negative regulation of mitotic cell cycle	2
negative regulation of multi-organism process	2
negative regulation of nervous system development	2
negative regulation of neurogenesis	2
negative regulation of neuron death	2
negative regulation of neuron differentiation	2
negative regulation of protein kinase activity	2
negative regulation of response to external stimulus	2
negative regulation of secretion	2
negative regulation of transferase activity	2
negative regulation of transmembrane transport	2
negative regulation of transporter activity	2
negative regulation of viral life cycle	2
negative regulation of viral process	2
nephron development	2
neurotransmitter secretion	2
nicotinamide nucleotide biosynthetic process	2
nicotinamide nucleotide metabolic process	2
nucleoside monophosphate biosynthetic process	2
nucleotide-excision repair	2
nucleotide-sugar biosynthetic process	2
nucleotide-sugar metabolic process	2
organic acid biosynthetic process	2
organic acid catabolic process	2
organic hydroxy compound biosynthetic process	2
ossification	2
outflow tract morphogenesis	2
peptide hormone processing	2
peptide hormone secretion	2
peptidyl-lysine acetylation	2
peptidyl-tyrosine modification	2
peptidyl-tyrosine phosphorylation	2
pharyngeal system development	2
phenol-containing compound metabolic process	2
phosphatidylinositol 3-kinase signaling	2
phosphatidylinositol-mediated signaling	2
phospholipase C-activating G-protein coupled receptor signaling pathway	2
phospholipid translocation	2
phospholipid transport	2
pigmentation	2
polyol metabolic process	2
positive regulation of canonical Wnt signaling pathway	2
positive regulation of carbohydrate metabolic process	2
positive regulation of cell division	2
positive regulation of cellular amide metabolic process	2
positive regulation of chromosome organization	2
positive regulation of cytosolic calcium ion concentration	2
positive regulation of DNA biosynthetic process	2
positive regulation of intracellular protein transport	2
positive regulation of intracellular transport	2
positive regulation of ion transport	2
positive regulation of MAP kinase activity	2
positive regulation of nucleocytoplasmic transport	2
positive regulation of nucleotide biosynthetic process	2
positive regulation of nucleotide metabolic process	2
positive regulation of peptide secretion	2
positive regulation of proteasomal ubiquitin-dependent protein catabolic process	2
positive regulation of protein import	2
positive regulation of protein import into nucleus	2
positive regulation of protein localization to nucleus	2
positive regulation of protein secretion	2
positive regulation of purine nucleotide biosynthetic process	2
positive regulation of purine nucleotide metabolic process	2
positive regulation of response to external stimulus	2
positive regulation of secretion by cell	2
positive regulation of telomerase activity	2
positive regulation of telomere capping	2
positive regulation of telomere maintenance	2
positive regulation of telomere maintenance via telomerase	2
positive regulation of telomere maintenance via telomere lengthening	2
positive regulation of translation	2
positive regulation of transmembrane transport	2
positive regulation of ubiquitin-dependent protein catabolic process	2
positive regulation of viral process	2
post-translational protein modification	2
posttranscriptional gene silencing	2
posttranscriptional gene silencing by RNA	2
potassium ion transmembrane transport	2
presynaptic process involved in chemical synaptic transmission	2
process utilizing autophagic mechanism	2
protein acetylation	2
protein ADP-ribosylation	2
protein deacylation	2
protein depolymerization	2
protein import into nucleus, translocation	2
protein lipidation	2
protein localization to cell periphery	2
protein localization to microtubule	2
purine nucleoside monophosphate biosynthetic process	2
purine nucleoside triphosphate biosynthetic process	2
purine nucleoside triphosphate metabolic process	2
purine ribonucleoside monophosphate biosynthetic process	2
purine ribonucleoside triphosphate biosynthetic process	2
purine ribonucleoside triphosphate metabolic process	2
purine ribonucleotide catabolic process	2
pyridine nucleotide biosynthetic process	2
pyridine nucleotide metabolic process	2
pyridine-containing compound biosynthetic process	2
pyridine-containing compound metabolic process	2
pyrimidine-containing compound metabolic process	2
receptor-mediated endocytosis	2
regulation of actin filament-based process	2
regulation of B cell activation	2
regulation of blood pressure	2
regulation of calcium ion transport	2
regulation of carbohydrate metabolic process	2
regulation of cardiac conduction	2
regulation of cation transmembrane transport	2
regulation of cell division	2
regulation of cellular ketone metabolic process	2
regulation of cellular response to heat	2
regulation of circadian rhythm	2
regulation of cyclin-dependent protein kinase activity	2
regulation of cyclin-dependent protein serine/threonine kinase activity	2
regulation of cytosolic calcium ion concentration	2
regulation of DNA biosynthetic process	2
regulation of DNA repair	2
regulation of embryonic development	2
regulation of epithelial cell proliferation	2
regulation of ERK1 and ERK2 cascade	2
regulation of fat cell differentiation	2
regulation of gene silencing	2
regulation of gene silencing by miRNA	2
regulation of gene silencing by RNA	2
regulation of GTPase activity	2
regulation of hemopoiesis	2
regulation of hormone secretion	2
regulation of immune effector process	2
regulation of insulin secretion	2
regulation of intracellular protein transport	2
regulation of intracellular transport	2
regulation of intrinsic apoptotic signaling pathway	2
regulation of ion transmembrane transporter activity	2
regulation of lipase activity	2
regulation of lymphocyte activation	2
regulation of MAP kinase activity	2
regulation of membrane lipid distribution	2
regulation of membrane permeability	2
regulation of mitochondrial membrane permeability	2
regulation of morphogenesis of an epithelium	2
regulation of mRNA stability	2
regulation of neurotransmitter levels	2
regulation of nucleocytoplasmic transport	2
regulation of nucleotide biosynthetic process	2
regulation of nucleotide metabolic process	2
regulation of organ morphogenesis	2
regulation of organelle assembly	2
regulation of peptide hormone secretion	2
regulation of phosphatidylinositol 3-kinase signaling	2
regulation of phospholipase activity	2
regulation of phospholipase C activity	2
regulation of postsynaptic membrane potential	2
regulation of posttranscriptional gene silencing	2
regulation of proteasomal ubiquitin-dependent protein catabolic process	2
regulation of protein complex disassembly	2
regulation of protein depolymerization	2
regulation of protein import	2
regulation of protein import into nucleus	2
regulation of protein localization to nucleus	2
regulation of protein stability	2
regulation of purine nucleotide biosynthetic process	2
regulation of purine nucleotide metabolic process	2
regulation of response to DNA damage stimulus	2
regulation of RNA stability	2
regulation of smoothened signaling pathway	2
regulation of stem cell differentiation	2
regulation of stem cell proliferation	2
regulation of synapse structure or activity	2
regulation of telomerase activity	2
regulation of telomere capping	2
regulation of telomere maintenance	2
regulation of telomere maintenance via telomerase	2
regulation of telomere maintenance via telomere lengthening	2
regulation of toll-like receptor signaling pathway	2
regulation of transmembrane transporter activity	2
regulation of transporter activity	2
regulation of ubiquitin-dependent protein catabolic process	2
regulation of viral genome replication	2
respiratory tube development	2
response to ammonium ion	2
response to decreased oxygen levels	2
response to extracellular stimulus	2
response to fibroblast growth factor	2
response to heat	2
response to hypoxia	2
response to insulin	2
response to interleukin-1	2
response to leukemia inhibitory factor	2
response to light stimulus	2
response to lipopolysaccharide	2
response to molecule of bacterial origin	2
response to nutrient levels	2
response to osmotic stress	2
response to oxygen levels	2
response to reactive oxygen species	2
response to starvation	2
response to tumor necrosis factor	2
retina development in camera-type eye	2
ribonucleoprotein complex assembly	2
ribonucleoprotein complex subunit organization	2
ribonucleoside monophosphate biosynthetic process	2
ribonucleoside triphosphate biosynthetic process	2
ribonucleoside triphosphate metabolic process	2
ribonucleotide catabolic process	2
ribosomal small subunit biogenesis	2
RNA methylation	2
RNA modification	2
RNA phosphodiester bond hydrolysis, endonucleolytic	2
RNA secondary structure unwinding	2
RNA-dependent DNA biosynthetic process	2
roof of mouth development	2
secondary metabolite biosynthetic process	2
segmentation	2
semaphorin-plexin signaling pathway	2
semaphorin-plexin signaling pathway involved in axon guidance	2
semaphorin-plexin signaling pathway involved in neuron projection guidance	2
sensory perception of mechanical stimulus	2
sensory perception of pain	2
sensory perception of sound	2
signal release from synapse	2
skeletal system morphogenesis	2
smooth muscle cell differentiation	2
snRNA metabolic process	2
snRNA transcription	2
snRNA transcription by RNA polymerase II	2
somatic stem cell population maintenance	2
somite development	2
spindle assembly	2
spindle organization	2
steroid metabolic process	2
stress-activated protein kinase signaling cascade	2
striated muscle cell development	2
striated muscle cell differentiation	2
synapse organization	2
synaptic transmission, glutamatergic	2
synaptic vesicle cycle	2
T cell receptor signaling pathway	2
telomere capping	2
telomere maintenance	2
telomere maintenance via telomerase	2
telomere maintenance via telomere lengthening	2
telomere organization	2
thymus development	2
thyroid gland development	2
toll-like receptor 3 signaling pathway	2
toll-like receptor signaling pathway	2
transcription elongation from RNA polymerase II promoter	2
transcription-coupled nucleotide-excision repair	2
tRNA methylation	2
tRNA modification	2
tRNA threonylcarbamoyladenosine metabolic process	2
ubiquitin-dependent ERAD pathway	2
ureteric bud development	2
vesicle organization	2
viral genome replication	2
Wnt signaling pathway, calcium modulating pathway	2
2'-deoxyribonucleotide biosynthetic process	1
2'-deoxyribonucleotide metabolic process	1
7-methylguanosine mRNA capping	1
7-methylguanosine RNA capping	1
acetylcholine receptor signaling pathway	1
acidic amino acid transport	1
acrosome assembly	1
actin cytoskeleton reorganization	1
activation of cysteine-type endopeptidase activity	1
actomyosin structure organization	1
adaptive immune response based on somatic recombination of immune receptors built from immunoglobulin superfamily domains	1
adenine nucleotide transport	1
adenosine metabolic process	1
adenylate cyclase-modulating G-protein coupled receptor signaling pathway	1
ADP metabolic process	1
ADP transport	1
adult behavior	1
adult locomotory behavior	1
adult walking behavior	1
aerobic respiration	1
aging	1
alcohol biosynthetic process	1
alcohol catabolic process	1
alpha-amino acid catabolic process	1
alpha-linolenic acid metabolic process	1
amine catabolic process	1
amine transport	1
amino acid activation	1
amino sugar biosynthetic process	1
amino sugar metabolic process	1
ammonium ion metabolic process	1
ammonium transport	1
anaphase-promoting complex-dependent catabolic process	1
anatomical structure maturation	1
angiotensin-activated signaling pathway	1
anion homeostasis	1
anterior/posterior axis specification, embryo	1
antibiotic metabolic process	1
antimicrobial humoral immune response mediated by antimicrobial peptide	1
aorta development	1
aorta morphogenesis	1
apical junction assembly	1
apoptotic cell clearance	1
apoptotic process involved in development	1
aromatic amino acid family catabolic process	1
aromatic amino acid family metabolic process	1
artery development	1
artery morphogenesis	1
astrocyte differentiation	1
ATP generation from ADP	1
ATP hydrolysis coupled cation transmembrane transport	1
ATP synthesis coupled proton transport	1
ATP transport	1
autonomic nervous system development	1
autophagosome assembly	1
autophagosome maturation	1
autophagosome organization	1
axis elongation	1
B cell activation involved in immune response	1
B cell apoptotic process	1
B cell mediated immunity	1
B cell proliferation	1
B cell receptor signaling pathway	1
behavioral response to pain	1
beta-catenin destruction complex disassembly	1
beta-catenin-TCF complex assembly	1
bile acid metabolic process	1
blastoderm segmentation	1
branch elongation of an epithelium	1
branching involved in mammary gland duct morphogenesis	1
branching involved in salivary gland morphogenesis	1
branching involved in ureteric bud morphogenesis	1
calcium ion regulated exocytosis	1
calcium ion transmembrane import into cytosol	1
calcium ion transport into cytosol	1
calcium ion-regulated exocytosis of neurotransmitter	1
calcium-mediated signaling	1
camera-type eye morphogenesis	1
cAMP catabolic process	1
cAMP metabolic process	1
cAMP-mediated signaling	1
carbohydrate biosynthetic process	1
carbohydrate catabolic process	1
carbohydrate derivative transport	1
carbohydrate homeostasis	1
cardiac cell fate commitment	1
cardiac chamber development	1
cardiac chamber morphogenesis	1
cardiac conduction system development	1
cardiac muscle cell action potential	1
cardiac muscle cell apoptotic process	1
cardiac muscle cell fate commitment	1
cardiac muscle contraction	1
cardiac myofibril assembly	1
cardiac neural crest cell development involved in heart development	1
cardiac neural crest cell differentiation involved in heart development	1
cardiac septum development	1
cardiac septum morphogenesis	1
cardiac ventricle development	1
cardioblast proliferation	1
carnitine shuttle	1
catechol-containing compound metabolic process	1
catecholamine metabolic process	1
caveolin-mediated endocytosis	1
cell adhesion mediated by integrin	1
cell aging	1
cell communication involved in cardiac conduction	1
cell cycle checkpoint	1
cell cycle G1/S phase transition	1
cell death in response to oxidative stress	1
cell fate specification	1
cell junction assembly	1
cell junction organization	1
cell maturation	1
cell proliferation in forebrain	1
cell proliferation involved in heart morphogenesis	1
cell recognition	1
cell redox homeostasis	1
cell wall macromolecule metabolic process	1
cell wall organization or biogenesis	1
cell-cell adhesion mediated by cadherin	1
cell-cell junction assembly	1
cell-cell junction organization	1
cell-cell signaling involved in cardiac conduction	1
cellular amino acid catabolic process	1
cellular biogenic amine catabolic process	1
cellular biogenic amine metabolic process	1
cellular defense response	1
cellular lipid catabolic process	1
cellular monovalent inorganic cation homeostasis	1
cellular respiration	1
cellular response to acetylcholine	1
cellular response to alcohol	1
cellular response to amino acid starvation	1
cellular response to amino acid stimulus	1
cellular response to angiotensin	1
cellular response to biotic stimulus	1
cellular response to cadmium ion	1
cellular response to cAMP	1
cellular response to catecholamine stimulus	1
cellular response to dopamine	1
cellular response to dsRNA	1
cellular response to fatty acid	1
cellular response to glucose starvation	1
cellular response to growth hormone stimulus	1
cellular response to inorganic substance	1
cellular response to interferon-gamma	1
cellular response to ketone	1
cellular response to light stimulus	1
cellular response to lipopolysaccharide	1
cellular response to metal ion	1
cellular response to molecule of bacterial origin	1
cellular response to monoamine stimulus	1
cellular response to osmotic stress	1
cellular response to pH	1
cellular response to prostaglandin E stimulus	1
cellular response to prostaglandin stimulus	1
cellular response to radiation	1
cellular response to retinoic acid	1
cellular response to steroid hormone stimulus	1
cellular response to thyroid hormone stimulus	1
cellular response to transforming growth factor beta stimulus	1
cellular response to UV	1
cellular response to vascular endothelial growth factor stimulus	1
cellular response to virus	1
cellular response to xenobiotic stimulus	1
cellular senescence	1
central nervous system neuron differentiation	1
centriole assembly	1
centriole replication	1
centrosome cycle	1
centrosome duplication	1
centrosome localization	1
cerebellar cortex development	1
cerebellar granular layer development	1
cerebellum development	1
cGMP biosynthetic process	1
cGMP metabolic process	1
chloride transmembrane transport	1
chloride transport	1
cholesterol biosynthetic process	1
cholesterol metabolic process	1
chromatin assembly	1
chromatin assembly or disassembly	1
chromosome condensation	1
circadian behavior	1
citrate metabolic process	1
cleavage involved in rRNA processing	1
cochlea development	1
cochlea morphogenesis	1
cognition	1
collateral sprouting	1
complement activation	1
complement activation, lectin pathway	1
cornification	1
cortical actin cytoskeleton organization	1
cortical cytoskeleton organization	1
cranial nerve development	1
cranial nerve morphogenesis	1
cristae formation	1
cyclic nucleotide biosynthetic process	1
cyclic nucleotide catabolic process	1
cyclic purine nucleotide metabolic process	1
cyclic-nucleotide-mediated signaling	1
cytokine biosynthetic process	1
cytokine metabolic process	1
cytokine secretion	1
cytokinesis	1
cytoplasmic microtubule organization	1
cytoplasmic pattern recognition receptor signaling pathway	1
cytoplasmic pattern recognition receptor signaling pathway in response to virus	1
cytosolic calcium ion transport	1
cytosolic transport	1
defense response to virus	1
deoxyribonucleoside triphosphate metabolic process	1
deoxyribonucleotide biosynthetic process	1
deoxyribonucleotide metabolic process	1
deoxyribose phosphate biosynthetic process	1
deoxyribose phosphate metabolic process	1
detection of light stimulus	1
detection of temperature stimulus	1
detection of temperature stimulus involved in sensory perception	1
detection of temperature stimulus involved in sensory perception of pain	1
detection of visible light	1
determination of bilateral symmetry	1
determination of heart left/right asymmetry	1
determination of left/right symmetry	1
detoxification	1
development of primary female sexual characteristics	1
development of primary male sexual characteristics	1
developmental maturation	1
developmental pigmentation	1
dicarboxylic acid biosynthetic process	1
dicarboxylic acid metabolic process	1
dicarboxylic acid transport	1
dichotomous subdivision of an epithelial terminal unit	1
diencephalon development	1
digestion	1
digestive system development	1
digestive system process	1
digestive tract development	1
digestive tract morphogenesis	1
DNA damage checkpoint	1
DNA duplex unwinding	1
DNA integrity checkpoint	1
DNA ligation	1
DNA recombination	1
DNA replication	1
DNA-templated transcriptional preinitiation complex assembly	1
dopamine metabolic process	1
dopamine receptor signaling pathway	1
dopaminergic neuron differentiation	1
dorsal/ventral axis specification	1
double-strand break repair via nonhomologous end joining	1
dsRNA fragmentation	1
early endosome to late endosome transport	1
electron transport chain	1
embryo implantation	1
embryonic axis specification	1
embryonic camera-type eye development	1
embryonic camera-type eye morphogenesis	1
embryonic digestive tract development	1
embryonic digestive tract morphogenesis	1
embryonic digit morphogenesis	1
embryonic epithelial tube formation	1
embryonic eye morphogenesis	1
embryonic heart tube development	1
embryonic heart tube morphogenesis	1
embryonic pattern specification	1
embryonic placenta development	1
endocrine hormone secretion	1
endocrine process	1
endonucleolytic cleavage involved in rRNA processing	1
endonucleolytic cleavage of tricistronic rRNA transcript (SSU-rRNA, 5.8S rRNA, LSU-rRNA)	1
endothelial cell proliferation	1
energy coupled proton transport, down electrochemical gradient	1
energy reserve metabolic process	1
entrainment of circadian clock	1
entry into cell of other organism involved in symbiotic interaction	1
entry into host	1
entry into host cell	1
entry into other organism involved in symbiotic interaction	1
epidermal cell differentiation	1
epidermis development	1
epithelial cell apoptotic process	1
epithelial cell development	1
epithelial cell maturation	1
epithelial cell migration	1
epithelial cell-cell adhesion	1
epithelial to mesenchymal transition	1
epithelial tube formation	1
epithelium migration	1
ERBB signaling pathway	1
establishment of planar polarity	1
establishment of synaptic vesicle localization	1
establishment of tissue polarity	1
establishment of vesicle localization	1
excitatory postsynaptic potential	1
excretion	1
exocrine system development	1
extracellular matrix organization	1
extracellular structure organization	1
extrinsic apoptotic signaling pathway	1
eye morphogenesis	1
face morphogenesis	1
facial nerve development	1
facial nerve morphogenesis	1
fatty acid beta-oxidation	1
fatty acid beta-oxidation using acyl-CoA oxidase	1
fatty acid biosynthetic process	1
fatty acid catabolic process	1
fatty acid homeostasis	1
fatty acid oxidation	1
fatty acid transmembrane transport	1
fatty acid transport	1
Fc receptor mediated stimulatory signaling pathway	1
Fc-gamma receptor signaling pathway	1
Fc-gamma receptor signaling pathway involved in phagocytosis	1
feeding behavior	1
female genitalia development	1
female gonad development	1
female pregnancy	1
forebrain regionalization	1
formation of primary germ layer	1
G-protein coupled acetylcholine receptor signaling pathway	1
G-protein coupled receptor signaling pathway, coupled to cyclic nucleotide second messenger	1
G0 to G1 transition	1
G1/S transition of mitotic cell cycle	1
G2 DNA damage checkpoint	1
gamma-aminobutyric acid signaling pathway	1
ganglion development	1
gastrulation with mouth forming second	1
genitalia development	1
glomerulus development	1
glomerulus vasculature development	1
gluconeogenesis	1
glucose homeostasis	1
glucose import	1
glucose metabolic process	1
glutamate receptor signaling pathway	1
glutamine family amino acid metabolic process	1
glutamine metabolic process	1
glycerolipid biosynthetic process	1
glycerophospholipid biosynthetic process	1
glycolipid biosynthetic process	1
glycolipid metabolic process	1
glycolytic process	1
glycosyl compound metabolic process	1
Golgi inheritance	1
Golgi vesicle transport	1
gonadotropin secretion	1
GPI anchor biosynthetic process	1
GPI anchor metabolic process	1
granulocyte chemotaxis	1
granulocyte migration	1
growth hormone receptor signaling pathway	1
heart formation	1
heart looping	1
hematopoietic stem cell differentiation	1
hexose biosynthetic process	1
histone deacetylation	1
histone H2A monoubiquitination	1
histone H2A ubiquitination	1
histone H3 acetylation	1
histone H3-K9 acetylation	1
histone H3-K9 modification	1
histone monoubiquitination	1
histone phosphorylation	1
histone ubiquitination	1
histone-serine phosphorylation	1
homophilic cell adhesion via plasma membrane adhesion molecules	1
homotypic cell-cell adhesion	1
hormone catabolic process	1
hormone-mediated signaling pathway	1
I-kappaB kinase/NF-kappaB signaling	1
immune response-regulating cell surface receptor signaling pathway involved in phagocytosis	1
immunoglobulin mediated immune response	1
immunoglobulin production	1
immunoglobulin production involved in immunoglobulin mediated immune response	1
IMP metabolic process	1
import across plasma membrane	1
indolalkylamine catabolic process	1
indolalkylamine metabolic process	1
indole-containing compound catabolic process	1
indole-containing compound metabolic process	1
inner mitochondrial membrane organization	1
inorganic anion transmembrane transport	1
inorganic anion transport	1
inorganic cation import across plasma membrane	1
inorganic ion import across plasma membrane	1
inositol phosphate catabolic process	1
inositol phosphate dephosphorylation	1
inositol phosphate-mediated signaling	1
interaction with symbiont	1
interferon-gamma-mediated signaling pathway	1
interleukin-8 production	1
interleukin-8 secretion	1
intermediate filament cytoskeleton organization	1
intermediate filament-based process	1
intracellular estrogen receptor signaling pathway	1
intracellular lipid transport	1
intracellular mRNA localization	1
intracellular steroid hormone receptor signaling pathway	1
intrinsic apoptotic signaling pathway in response to oxidative stress	1
ionotropic glutamate receptor signaling pathway	1
isotype switching	1
JAK-STAT cascade	1
JAK-STAT cascade involved in growth hormone signaling pathway	1
keratinization	1
keratinocyte differentiation	1
ketone biosynthetic process	1
kidney mesenchyme development	1
kidney morphogenesis	1
kidney vasculature development	1
kynurenine metabolic process	1
L-glutamate transmembrane transport	1
labyrinthine layer blood vessel development	1
labyrinthine layer development	1
learning or memory	1
lens development in camera-type eye	1
lens fiber cell differentiation	1
lens morphogenesis in camera-type eye	1
leukocyte apoptotic process	1
leukocyte cell-cell adhesion	1
leukocyte chemotaxis	1
leukocyte proliferation	1
limbic system development	1
lipid homeostasis	1
lipid oxidation	1
lipid phosphorylation	1
lipopolysaccharide-mediated signaling pathway	1
lipoprotein catabolic process	1
liposaccharide metabolic process	1
locomotory behavior	1
long-chain fatty acid metabolic process	1
long-chain fatty acid transport	1
lung cell differentiation	1
lung epithelial cell differentiation	1
lung epithelium development	1
lung morphogenesis	1
lung secretory cell differentiation	1
luteinization	1
luteinizing hormone secretion	1
lymphocyte activation involved in immune response	1
lymphocyte apoptotic process	1
lymphocyte mediated immunity	1
lymphocyte proliferation	1
macromolecule depalmitoylation	1
maintenance of location	1
maintenance of location in cell	1
maintenance of mitotic sister chromatid cohesion	1
maintenance of protein localization in endoplasmic reticulum	1
maintenance of protein localization in organelle	1
maintenance of protein location	1
maintenance of protein location in cell	1
maintenance of sister chromatid cohesion	1
male genitalia development	1
male gonad development	1
mammary gland duct morphogenesis	1
mammary gland epithelial cell proliferation	1
mammary gland morphogenesis	1
maturation of 5.8S rRNA	1
MDA-5 signaling pathway	1
megakaryocyte differentiation	1
meiotic cell cycle	1
meiotic cell cycle process	1
meiotic spindle organization	1
melanin biosynthetic process	1
melanin metabolic process	1
melanocyte differentiation	1
membrane depolarization	1
membrane depolarization during action potential	1
membrane depolarization during cardiac muscle cell action potential	1
membrane fusion	1
membrane lipid biosynthetic process	1
membrane lipid metabolic process	1
mesenchymal cell development	1
mesenchymal cell proliferation	1
mesoderm formation	1
mesonephric tubule morphogenesis	1
metanephric glomerulus development	1
metanephric mesenchyme development	1
metanephric nephron development	1
metencephalon development	1
microtubule anchoring	1
microtubule anchoring at microtubule organizing center	1
microtubule depolymerization	1
microtubule nucleation	1
microtubule organizing center localization	1
microtubule organizing center organization	1
microtubule polymerization	1
microtubule-based movement	1
microtubule-based transport	1
midbrain development	1
midbrain dopaminergic neuron differentiation	1
middle ear morphogenesis	1
miRNA mediated inhibition of translation	1
miRNA metabolic process	1
mitochondrial ATP synthesis coupled proton transport	1
mitochondrial calcium ion homeostasis	1
mitochondrial genome maintenance	1
mitotic chromosome condensation	1
mitotic sister chromatid cohesion	1
modification by host of symbiont morphology or physiology	1
modification by symbiont of host morphology or physiology	1
modification of morphology or physiology of other organism involved in symbiotic interaction	1
modulation by host of viral genome replication	1
modulation by host of viral process	1
modulation by symbiont of host cellular process	1
modulation by virus of host morphology or physiology	1
modulation by virus of host process	1
monocarboxylic acid biosynthetic process	1
monocarboxylic acid catabolic process	1
monocarboxylic acid transport	1
mononuclear cell proliferation	1
monosaccharide biosynthetic process	1
morphogenesis of a polarized epithelium	1
morphogenesis of embryonic epithelium	1
mRNA cis splicing, via spliceosome	1
mRNA methylation	1
mRNA modification	1
multi-multicellular organism process	1
multi-organism cellular process	1
multicellular organismal homeostasis	1
multicellular organismal response to stress	1
multivesicular body sorting pathway	1
muscle cell apoptotic process	1
muscle cell fate commitment	1
myeloid cell differentiation	1
myeloid leukocyte migration	1
myoblast differentiation	1
myofibril assembly	1
N-terminal protein amino acid acetylation	1
N-terminal protein amino acid modification	1
NAD biosynthetic process	1
NAD metabolic process	1
necroptotic process	1
necrotic cell death	1
negative regulation by host of viral process	1
negative regulation of amine transport	1
negative regulation of amino acid transport	1
negative regulation of anion transmembrane transport	1
negative regulation of anion transport	1
negative regulation of apoptotic signaling pathway	1
negative regulation of axon extension	1
negative regulation of axon extension involved in axon guidance	1
negative regulation of axon guidance	1
negative regulation of axonogenesis	1
negative regulation of B cell apoptotic process	1
negative regulation of blood coagulation	1
negative regulation of calcium ion transmembrane transport	1
negative regulation of calcium ion transmembrane transporter activity	1
negative regulation of calcium ion transport	1
negative regulation of cAMP-mediated signaling	1
negative regulation of cation channel activity	1
negative regulation of cell adhesion mediated by integrin	1
negative regulation of cell cycle arrest	1
negative regulation of cell morphogenesis involved in differentiation	1
negative regulation of cell projection organization	1
negative regulation of cell-cell adhesion	1
negative regulation of cellular component movement	1
negative regulation of cellular response to growth factor stimulus	1
negative regulation of cellular response to transforming growth factor beta stimulus	1
negative regulation of centrosome cycle	1
negative regulation of centrosome duplication	1
negative regulation of chemotaxis	1
negative regulation of chromatin organization	1
negative regulation of chromosome segregation	1
negative regulation of coagulation	1
negative regulation of cyclin-dependent protein kinase activity	1
negative regulation of cyclin-dependent protein serine/threonine kinase activity	1
negative regulation of developmental growth	1
negative regulation of digestive system process	1
negative regulation of DNA binding	1
negative regulation of DNA repair	1
negative regulation of double-strand break repair	1
negative regulation of epithelial cell differentiation	1
negative regulation of ERK1 and ERK2 cascade	1
negative regulation of establishment of protein localization	1
negative regulation of G-protein coupled receptor protein signaling pathway	1
negative regulation of G0 to G1 transition	1
negative regulation of G2/M transition of mitotic cell cycle	1
negative regulation of hemostasis	1
negative regulation of histone acetylation	1
negative regulation of histone modification	1
negative regulation of hormone secretion	1
negative regulation of hydrolase activity	1
negative regulation of insulin secretion	1
negative regulation of intrinsic apoptotic signaling pathway	1
negative regulation of kidney development	1
negative regulation of leukocyte activation	1
negative regulation of leukocyte apoptotic process	1
negative regulation of leukocyte cell-cell adhesion	1
negative regulation of leukocyte proliferation	1
negative regulation of lipase activity	1
negative regulation of lipid catabolic process	1
negative regulation of lipid metabolic process	1
negative regulation of locomotion	1
negative regulation of lymphocyte activation	1
negative regulation of lymphocyte apoptotic process	1
negative regulation of lymphocyte proliferation	1
negative regulation of MAPK cascade	1
negative regulation of microtubule depolymerization	1
negative regulation of microtubule polymerization or depolymerization	1
negative regulation of mitotic cell cycle phase transition	1
negative regulation of mitotic nuclear division	1
negative regulation of mitotic sister chromatid segregation	1
negative regulation of mononuclear cell proliferation	1
negative regulation of morphogenesis of an epithelium	1
negative regulation of muscle cell differentiation	1
negative regulation of myoblast differentiation	1
negative regulation of necroptotic process	1
negative regulation of necrotic cell death	1
negative regulation of neuron apoptotic process	1
negative regulation of neuron projection development	1
negative regulation of NF-kappaB transcription factor activity	1
negative regulation of nuclear division	1
negative regulation of organelle assembly	1
negative regulation of organic acid transport	1
negative regulation of peptide hormone secretion	1
negative regulation of peptide secretion	1
negative regulation of peptidyl-lysine acetylation	1
negative regulation of platelet activation	1
negative regulation of platelet-derived growth factor receptor signaling pathway	1
negative regulation of potassium ion transmembrane transport	1
negative regulation of potassium ion transmembrane transporter activity	1
negative regulation of potassium ion transport	1
negative regulation of protein acetylation	1
negative regulation of protein binding	1
negative regulation of protein catabolic process	1
negative regulation of protein complex disassembly	1
negative regulation of protein depolymerization	1
negative regulation of protein secretion	1
negative regulation of protein serine/threonine kinase activity	1
negative regulation of protein transport	1
negative regulation of response to DNA damage stimulus	1
negative regulation of response to drug	1
negative regulation of response to wounding	1
negative regulation of secretion by cell	1
negative regulation of sister chromatid segregation	1
negative regulation of smooth muscle cell differentiation	1
negative regulation of smooth muscle cell proliferation	1
negative regulation of sodium ion transmembrane transport	1
negative regulation of sodium ion transmembrane transporter activity	1
negative regulation of sodium ion transport	1
negative regulation of supramolecular fiber organization	1
negative regulation of T cell activation	1
negative regulation of T cell proliferation	1
negative regulation of telomere maintenance	1
negative regulation of telomere maintenance via telomere lengthening	1
negative regulation of toll-like receptor signaling pathway	1
negative regulation of TOR signaling	1
negative regulation of transforming growth factor beta receptor signaling pathway	1
negative regulation of translation, ncRNA-mediated	1
negative regulation of translational initiation	1
negative regulation of transmembrane receptor protein serine/threonine kinase signaling pathway	1
negative regulation of viral entry into host cell	1
negative regulation of viral genome replication	1
negative regulation of wound healing	1
nephron epithelium development	1
nephron epithelium morphogenesis	1
nephron morphogenesis	1
nephron tubule development	1
nephron tubule formation	1
nephron tubule morphogenesis	1
nerve development	1
neural crest cell development	1
neural crest cell differentiation	1
neural precursor cell proliferation	1
neural retina development	1
neural tube development	1
neuroblast proliferation	1
neuromuscular junction development	1
neuromuscular process	1
neuromuscular process controlling balance	1
neuron apoptotic process	1
neuron fate commitment	1
neuron fate specification	1
neuron migration	1
neuronal stem cell population maintenance	1
neuropeptide signaling pathway	1
neutrophil chemotaxis	1
neutrophil migration	1
NIK/NF-kappaB signaling	1
nitrogen cycle metabolic process	1
non-recombinational repair	1
nose development	1
Notch signaling pathway	1
nuclear export	1
nuclear-transcribed mRNA catabolic process	1
nuclear-transcribed mRNA catabolic process, deadenylation-dependent decay	1
nuclear-transcribed mRNA poly(A) tail shortening	1
nucleobase metabolic process	1
nucleoside diphosphate metabolic process	1
nucleoside diphosphate phosphorylation	1
nucleoside metabolic process	1
nucleoside monophosphate catabolic process	1
nucleotide phosphorylation	1
nucleotide transport	1
nucleotide-excision repair, DNA damage recognition	1
nucleus organization	1
one-carbon metabolic process	1
organ induction	1
organelle fusion	1
organelle inheritance	1
organelle membrane fusion	1
organelle transport along microtubule	1
organic cation transport	1
organic hydroxy compound catabolic process	1
osteoblast differentiation	1
otic vesicle development	1
ovulation cycle	1
ovulation cycle process	1
oxidative phosphorylation	1
pancreatic juice secretion	1
parasympathetic nervous system development	1
peptide cross-linking	1
peptidyl-lysine methylation	1
peptidyl-proline modification	1
phagocytosis, recognition	1
phenol-containing compound biosynthetic process	1
phosphatidylinositol biosynthetic process	1
phosphatidylinositol dephosphorylation	1
phosphatidylinositol phosphorylation	1
phospholipase C-activating dopamine receptor signaling pathway	1
phospholipid biosynthetic process	1
phospholipid dephosphorylation	1
phosphorylated carbohydrate dephosphorylation	1
phosphorylation of RNA polymerase II C-terminal domain	1
phototransduction	1
phototransduction, visible light	1
pigment biosynthetic process	1
pigment cell differentiation	1
pigment metabolic process	1
pituitary gland development	1
placenta blood vessel development	1
placenta development	1
platelet aggregation	1
platelet degranulation	1
platelet-derived growth factor receptor signaling pathway	1
platelet-derived growth factor receptor-beta signaling pathway	1
polyol catabolic process	1
positive regulation of angiogenesis	1
positive regulation of apoptotic signaling pathway	1
positive regulation of ATP biosynthetic process	1
positive regulation of ATP metabolic process	1
positive regulation of autophagy	1
positive regulation of B cell activation	1
positive regulation of B cell proliferation	1
positive regulation of branching involved in ureteric bud morphogenesis	1
positive regulation of calcium ion transport	1
positive regulation of cardiac muscle cell apoptotic process	1
positive regulation of cell activation	1
positive regulation of cell cycle process	1
positive regulation of cell growth	1
positive regulation of cellular carbohydrate metabolic process	1
positive regulation of cGMP biosynthetic process	1
positive regulation of cGMP metabolic process	1
positive regulation of chemotaxis	1
positive regulation of coenzyme metabolic process	1
positive regulation of cofactor metabolic process	1
positive regulation of collateral sprouting	1
positive regulation of cyclic nucleotide biosynthetic process	1
positive regulation of cyclic nucleotide metabolic process	1
positive regulation of cyclin-dependent protein kinase activity	1
positive regulation of cyclin-dependent protein serine/threonine kinase activity	1
positive regulation of cysteine-type endopeptidase activity	1
positive regulation of cytokine secretion	1
positive regulation of cytokinesis	1
positive regulation of developmental growth	1
positive regulation of DNA binding transcription factor activity	1
positive regulation of DNA repair	1
positive regulation of DNA replication	1
positive regulation of DNA-templated transcription, initiation	1
positive regulation of embryonic development	1
positive regulation of endocytosis	1
positive regulation of endopeptidase activity	1
positive regulation of endothelial cell proliferation	1
positive regulation of epithelial cell proliferation	1
positive regulation of epithelial to mesenchymal transition	1
positive regulation of ERAD pathway	1
positive regulation of ERK1 and ERK2 cascade	1
positive regulation of exocytosis	1
positive regulation of extrinsic apoptotic signaling pathway	1
positive regulation of fibroblast proliferation	1
positive regulation of gene expression, epigenetic	1
positive regulation of gene silencing by miRNA	1
positive regulation of gluconeogenesis	1
positive regulation of glucose import	1
positive regulation of glucose metabolic process	1
positive regulation of glucose transmembrane transport	1
positive regulation of glycolytic process	1
positive regulation of granulocyte chemotaxis	1
positive regulation of growth	1
positive regulation of I-kappaB kinase/NF-kappaB signaling	1
positive regulation of immune effector process	1
positive regulation of interleukin-8 production	1
positive regulation of interleukin-8 secretion	1
positive regulation of ion transmembrane transport	1
positive regulation of ion transmembrane transporter activity	1
positive regulation of kidney development	1
positive regulation of leukocyte activation	1
positive regulation of leukocyte chemotaxis	1
positive regulation of leukocyte migration	1
positive regulation of leukocyte proliferation	1
positive regulation of lipase activity	1
positive regulation of lipid kinase activity	1
positive regulation of lipid metabolic process	1
positive regulation of lymphocyte activation	1
positive regulation of lymphocyte proliferation	1
positive regulation of macroautophagy	1
positive regulation of mesenchymal cell proliferation	1
positive regulation of mesonephros development	1
positive regulation of mitotic cell cycle	1
positive regulation of mononuclear cell proliferation	1
positive regulation of morphogenesis of an epithelium	1
positive regulation of mRNA catabolic process	1
positive regulation of mRNA metabolic process	1
positive regulation of muscle cell apoptotic process	1
positive regulation of neuron death	1
positive regulation of neutrophil chemotaxis	1
positive regulation of neutrophil migration	1
positive regulation of NF-kappaB transcription factor activity	1
positive regulation of Notch signaling pathway	1
positive regulation of nuclear-transcribed mRNA catabolic process, deadenylation-dependent decay	1
positive regulation of nuclear-transcribed mRNA poly(A) tail shortening	1
positive regulation of nucleotide catabolic process	1
positive regulation of peptidase activity	1
positive regulation of peptidyl-threonine phosphorylation	1
positive regulation of peptidyl-tyrosine phosphorylation	1
positive regulation of phosphatidylinositol 3-kinase activity	1
positive regulation of phosphatidylinositol 3-kinase signaling	1
positive regulation of phospholipase activity	1
positive regulation of phospholipase C activity	1
positive regulation of phospholipid metabolic process	1
positive regulation of posttranscriptional gene silencing	1
positive regulation of potassium ion transport	1
positive regulation of protein complex assembly	1
positive regulation of protein import into nucleus, translocation	1
positive regulation of protein kinase B signaling	1
positive regulation of receptor-mediated endocytosis	1
positive regulation of renal sodium excretion	1
positive regulation of reproductive process	1
positive regulation of response to biotic stimulus	1
positive regulation of response to DNA damage stimulus	1
positive regulation of response to endoplasmic reticulum stress	1
positive regulation of RNA polymerase II transcriptional preinitiation complex assembly	1
positive regulation of smoothened signaling pathway	1
positive regulation of stem cell proliferation	1
positive regulation of striated muscle cell apoptotic process	1
positive regulation of synaptic transmission, glutamatergic	1
positive regulation of toll-like receptor signaling pathway	1
positive regulation of transcription initiation from RNA polymerase II promoter	1
positive regulation of transcription of Notch receptor target	1
positive regulation of transporter activity	1
positive regulation of urine volume	1
positive regulation of vasculature development	1
positive regulation of viral genome replication	1
positive regulation of viral life cycle	1
positive regulation of viral transcription	1
post-embryonic development	1
potassium ion import	1
pre-miRNA processing	1
preassembly of GPI anchor in ER membrane	1
preganglionic parasympathetic fiber development	1
presynapse organization	1
production of miRNAs involved in gene silencing by miRNA	1
production of molecular mediator of immune response	1
production of siRNA involved in RNA interference	1
production of small RNA involved in gene silencing by RNA	1
programmed necrotic cell death	1
protein activation cascade	1
protein alkylation	1
protein deacetylation	1
protein deneddylation	1
protein folding in endoplasmic reticulum	1
protein heterooligomerization	1
protein hexamerization	1
protein homotrimerization	1
protein hydroxylation	1
protein K48-linked ubiquitination	1
protein K63-linked deubiquitination	1
protein kinase B signaling	1
protein localization to cell surface	1
protein localization to centrosome	1
protein localization to chromosome	1
protein localization to chromosome, telomeric region	1
protein localization to endoplasmic reticulum	1
protein localization to endosome	1
protein localization to microtubule organizing center	1
protein localization to plasma membrane	1
protein localization to postsynaptic membrane	1
protein localization to synapse	1
protein methylation	1
protein monoubiquitination	1
protein N-linked glycosylation	1
protein O-linked glycosylation	1
protein palmitoylation	1
protein peptidyl-prolyl isomerization	1
protein polymerization	1
protein retention in ER lumen	1
protein trimerization	1
protein-DNA complex assembly	1
protein-DNA complex subunit organization	1
proton transmembrane transport	1
proximal/distal pattern formation	1
purine nucleoside diphosphate metabolic process	1
purine nucleoside metabolic process	1
purine nucleotide transport	1
purine ribonucleoside diphosphate metabolic process	1
purine ribonucleoside metabolic process	1
purine ribonucleotide transport	1
pyrimidine deoxyribonucleotide metabolic process	1
pyrimidine nucleobase metabolic process	1
pyrimidine nucleoside triphosphate biosynthetic process	1
pyrimidine nucleoside triphosphate metabolic process	1
pyrimidine nucleotide biosynthetic process	1
pyrimidine nucleotide metabolic process	1
pyrimidine-containing compound biosynthetic process	1
pyruvate biosynthetic process	1
pyruvate metabolic process	1
quaternary ammonium group transport	1
quinone biosynthetic process	1
quinone metabolic process	1
Ras protein signal transduction	1
receptor guanylyl cyclase signaling pathway	1
receptor internalization	1
receptor metabolic process	1
regulation of actin cytoskeleton organization	1
regulation of actin cytoskeleton reorganization	1
regulation of actin filament-based movement	1
regulation of action potential	1
regulation of adaptive immune response	1
regulation of adaptive immune response based on somatic recombination of immune receptors built from immunoglobulin superfamily domains	1
regulation of amine transport	1
regulation of amino acid transport	1
regulation of animal organ formation	1
regulation of anion transmembrane transport	1
regulation of anion transport	1
regulation of ATP biosynthetic process	1
regulation of ATP metabolic process	1
regulation of autophagy	1
regulation of B cell apoptotic process	1
regulation of B cell mediated immunity	1
regulation of B cell proliferation	1
regulation of blood coagulation	1
regulation of blood vessel diameter	1
regulation of blood vessel size	1
regulation of branching involved in ureteric bud morphogenesis	1
regulation of calcium ion transmembrane transport	1
regulation of calcium ion transmembrane transporter activity	1
regulation of calcium ion-dependent exocytosis	1
regulation of cAMP-mediated signaling	1
regulation of carbohydrate biosynthetic process	1
regulation of carbohydrate catabolic process	1
regulation of cardiac muscle cell action potential	1
regulation of cardiac muscle cell apoptotic process	1
regulation of cardiac muscle cell contraction	1
regulation of cardiac muscle contraction	1
regulation of cardioblast proliferation	1
regulation of cation channel activity	1
regulation of cell adhesion mediated by integrin	1
regulation of cell cycle arrest	1
regulation of cell projection assembly	1
regulation of cell proliferation involved in heart morphogenesis	1
regulation of cell-cell adhesion	1
regulation of cellular amine metabolic process	1
regulation of cellular amino acid metabolic process	1
regulation of cellular carbohydrate metabolic process	1
regulation of cellular pH	1
regulation of cellular response to growth factor stimulus	1
regulation of cellular response to oxidative stress	1
regulation of cellular response to transforming growth factor beta stimulus	1
regulation of centriole replication	1
regulation of centrosome cycle	1
regulation of centrosome duplication	1
regulation of cGMP biosynthetic process	1
regulation of cGMP metabolic process	1
regulation of chromatin organization	1
regulation of chromosome segregation	1
regulation of cilium assembly	1
regulation of coagulation	1
regulation of coenzyme metabolic process	1
regulation of cofactor metabolic process	1
regulation of collateral sprouting	1
regulation of cyclic nucleotide biosynthetic process	1
regulation of cyclic nucleotide metabolic process	1
regulation of cysteine-type endopeptidase activity	1
regulation of cytokine biosynthetic process	1
regulation of cytokine secretion	1
regulation of cytokinesis	1
regulation of cytoplasmic transport	1
regulation of defense response to virus	1
regulation of developmental pigmentation	1
regulation of digestive system process	1
regulation of DNA binding	1
regulation of DNA recombination	1
regulation of DNA replication	1
regulation of DNA-templated transcription in response to stress	1
regulation of DNA-templated transcription, initiation	1
regulation of double-strand break repair	1
regulation of early endosome to late endosome transport	1
regulation of endocytosis	1
regulation of endopeptidase activity	1
regulation of endothelial cell proliferation	1
regulation of epithelial cell differentiation	1
regulation of epithelial to mesenchymal transition	1
regulation of epithelial tube formation	1
regulation of ERAD pathway	1
regulation of establishment of planar polarity	1
regulation of excretion	1
regulation of exocytosis	1
regulation of extrinsic apoptotic signaling pathway	1
regulation of fatty acid biosynthetic process	1
regulation of fatty acid metabolic process	1
regulation of G-protein coupled receptor protein signaling pathway	1
regulation of G0 to G1 transition	1
regulation of generation of precursor metabolites and energy	1
regulation of gluconeogenesis	1
regulation of glucose import	1
regulation of glucose metabolic process	1
regulation of glucose transmembrane transport	1
regulation of glycolytic process	1
regulation of Golgi organization	1
regulation of granulocyte chemotaxis	1
regulation of GTP binding	1
regulation of heart morphogenesis	1
regulation of heart rate	1
regulation of heart rate by cardiac conduction	1
regulation of hematopoietic progenitor cell differentiation	1
regulation of hematopoietic stem cell differentiation	1
regulation of hemostasis	1
regulation of histone acetylation	1
regulation of histone modification	1
regulation of I-kappaB kinase/NF-kappaB signaling	1
regulation of immunoglobulin mediated immune response	1
regulation of immunoglobulin production	1
regulation of inflammatory response	1
regulation of interleukin-8 production	1
regulation of interleukin-8 secretion	1
regulation of isotype switching	1
regulation of kidney development	1
regulation of leukocyte apoptotic process	1
regulation of leukocyte cell-cell adhesion	1
regulation of leukocyte chemotaxis	1
regulation of leukocyte mediated immunity	1
regulation of leukocyte migration	1
regulation of leukocyte proliferation	1
regulation of lipid biosynthetic process	1
regulation of lipid catabolic process	1
regulation of lipid kinase activity	1
regulation of lymphocyte apoptotic process	1
regulation of lymphocyte mediated immunity	1
regulation of lymphocyte proliferation	1
regulation of macroautophagy	1
regulation of megakaryocyte differentiation	1
regulation of membrane depolarization	1
regulation of mesenchymal cell proliferation	1
regulation of mesonephros development	1
regulation of microtubule depolymerization	1
regulation of microtubule polymerization or depolymerization	1
regulation of mitochondrial membrane permeability involved in apoptotic process	1
regulation of mitotic nuclear division	1
regulation of mitotic sister chromatid segregation	1
regulation of mononuclear cell proliferation	1
regulation of morphogenesis of a branching structure	1
regulation of muscle cell apoptotic process	1
regulation of muscle cell differentiation	1
regulation of muscle contraction	1
regulation of muscle organ development	1
regulation of muscle system process	1
regulation of muscle tissue development	1
regulation of myeloid cell differentiation	1
regulation of myoblast differentiation	1
regulation of necroptotic process	1
regulation of necrotic cell death	1
regulation of neural precursor cell proliferation	1
regulation of neuroblast proliferation	1
regulation of neuron apoptotic process	1
regulation of neuronal synaptic plasticity	1
regulation of neurotransmitter secretion	1
regulation of neurotransmitter transport	1
regulation of neutrophil chemotaxis	1
regulation of neutrophil migration	1
regulation of Notch signaling pathway	1
regulation of nuclear division	1
regulation of nuclear-transcribed mRNA catabolic process, deadenylation-dependent decay	1
regulation of nuclear-transcribed mRNA poly(A) tail shortening	1
regulation of nucleotide catabolic process	1
regulation of organic acid transport	1
regulation of ossification	1
regulation of oxidative stress-induced cell death	1
regulation of oxidative stress-induced intrinsic apoptotic signaling pathway	1
regulation of peptidase activity	1
regulation of peptidyl-lysine acetylation	1
regulation of peptidyl-threonine phosphorylation	1
regulation of peptidyl-tyrosine phosphorylation	1
regulation of pH	1
regulation of phosphatidylinositol 3-kinase activity	1
regulation of phospholipid metabolic process	1
regulation of phosphorylation of RNA polymerase II C-terminal domain	1
regulation of plasma membrane bounded cell projection assembly	1
regulation of platelet activation	1
regulation of platelet-derived growth factor receptor signaling pathway	1
regulation of platelet-derived growth factor receptor-beta signaling pathway	1
regulation of potassium ion transmembrane transport	1
regulation of potassium ion transmembrane transporter activity	1
regulation of potassium ion transport	1
regulation of production of molecular mediator of immune response	1
regulation of protein acetylation	1
regulation of protein binding	1
regulation of protein complex assembly	1
regulation of protein import into nucleus, translocation	1
regulation of protein kinase B signaling	1
regulation of Ras protein signal transduction	1
regulation of receptor-mediated endocytosis	1
regulation of regulated secretory pathway	1
regulation of renal sodium excretion	1
regulation of renal system process	1
regulation of reproductive process	1
regulation of respiratory gaseous exchange	1
regulation of respiratory gaseous exchange by neurological system process	1
regulation of respiratory system process	1
regulation of response to biotic stimulus	1
regulation of response to drug	1
regulation of response to endoplasmic reticulum stress	1
regulation of response to oxidative stress	1
regulation of response to wounding	1
regulation of Rho protein signal transduction	1
regulation of RIG-I signaling pathway	1
regulation of RNA polymerase II transcriptional preinitiation complex assembly	1
regulation of secondary metabolic process	1
regulation of sister chromatid cohesion	1
regulation of sister chromatid segregation	1
regulation of skeletal muscle cell differentiation	1
regulation of skeletal muscle cell proliferation	1
regulation of skeletal muscle satellite cell proliferation	1
regulation of skeletal muscle tissue development	1
regulation of small GTPase mediated signal transduction	1
regulation of smooth muscle cell differentiation	1
regulation of smooth muscle cell migration	1
regulation of smooth muscle cell proliferation	1
regulation of sodium ion transmembrane transport	1
regulation of sodium ion transmembrane transporter activity	1
regulation of sodium ion transport	1
regulation of stress-activated MAPK cascade	1
regulation of stress-activated protein kinase signaling cascade	1
regulation of striated muscle cell apoptotic process	1
regulation of striated muscle contraction	1
regulation of striated muscle tissue development	1
regulation of supramolecular fiber organization	1
regulation of synapse assembly	1
regulation of synapse organization	1
regulation of synaptic transmission, glutamatergic	1
regulation of T cell activation	1
regulation of T cell proliferation	1
regulation of tissue remodeling	1
regulation of toll-like receptor 4 signaling pathway	1
regulation of TOR signaling	1
regulation of transcription from RNA polymerase II promoter in response to hypoxia	1
regulation of transcription from RNA polymerase II promoter in response to stress	1
regulation of transcription initiation from RNA polymerase II promoter	1
regulation of transforming growth factor beta receptor signaling pathway	1
regulation of translation, ncRNA-mediated	1
regulation of translational fidelity	1
regulation of translational initiation	1
regulation of transmembrane receptor protein serine/threonine kinase signaling pathway	1
regulation of trophoblast cell migration	1
regulation of tube diameter	1
regulation of tube size	1
regulation of urine volume	1
regulation of vascular permeability	1
regulation of viral entry into host cell	1
regulation of viral transcription	1
regulation of viral-induced cytoplasmic pattern recognition receptor signaling pathway	1
regulation of wound healing	1
renal sodium excretion	1
renal system process	1
renal system vasculature development	1
renal tubule development	1
renal tubule morphogenesis	1
respiratory gaseous exchange	1
respiratory system process	1
response to acetylcholine	1
response to activity	1
response to alcohol	1
response to amino acid	1
response to angiotensin	1
response to cadmium ion	1
response to cAMP	1
response to catecholamine	1
response to dopamine	1
response to epidermal growth factor	1
response to estrogen	1
response to exogenous dsRNA	1
response to fatty acid	1
response to growth hormone	1
response to interferon-gamma	1
response to ionizing radiation	1
response to ischemia	1
response to ketone	1
response to metal ion	1
response to monoamine	1
response to muscle activity	1
response to nicotine	1
response to organophosphorus	1
response to pain	1
response to pH	1
response to prostaglandin	1
response to prostaglandin E	1
response to purine-containing compound	1
response to retinoic acid	1
response to salt stress	1
response to steroid hormone	1
response to thyroid hormone	1
response to topologically incorrect protein	1
response to transforming growth factor beta	1
response to unfolded protein	1
response to UV	1
response to virus	1
response to xenobiotic stimulus	1
retina vasculature development in camera-type eye	1
retrograde vesicle-mediated transport, Golgi to ER	1
Rho protein signal transduction	1
rhythmic behavior	1
ribonucleoside diphosphate metabolic process	1
ribonucleoside metabolic process	1
ribosomal large subunit biogenesis	1
RIG-I signaling pathway	1
RNA capping	1
RNA interference	1
RNA polymerase II transcriptional preinitiation complex assembly	1
RNA splicing, via endonucleolytic cleavage and ligation	1
rRNA methylation	1
rRNA modification	1
S-adenosylmethionine metabolic process	1
SA node cell to atrial cardiac muscle cell communication	1
salivary gland development	1
salivary gland morphogenesis	1
SCF-dependent proteasomal ubiquitin-dependent protein catabolic process	1
secondary alcohol biosynthetic process	1
secondary alcohol metabolic process	1
secretion by tissue	1
secretory granule organization	1
selective autophagy	1
sensory perception of light stimulus	1
sensory perception of temperature stimulus	1
signal transduction in response to DNA damage	1
signal transduction involved in cell cycle checkpoint	1
signal transduction involved in cellular response to ammonium ion	1
signal transduction involved in DNA damage checkpoint	1
signal transduction involved in DNA integrity checkpoint	1
signal transduction involved in G2 DNA damage checkpoint	1
single strand break repair	1
sister chromatid cohesion	1
skeletal muscle cell proliferation	1
skeletal muscle satellite cell proliferation	1
skin development	1
smooth muscle cell migration	1
smooth muscle cell proliferation	1
smooth muscle tissue development	1
snoRNA metabolic process	1
snoRNA processing	1
sodium ion homeostasis	1
sodium ion import across plasma membrane	1
somatic cell DNA recombination	1
somatic diversification of immune receptors	1
somatic diversification of immune receptors via germline recombination within a single locus	1
somatic diversification of immunoglobulins	1
somatic diversification of immunoglobulins involved in immune response	1
somatic recombination of immunoglobulin gene segments	1
somatic recombination of immunoglobulin genes involved in immune response	1
somitogenesis	1
specification of animal organ identity	1
specification of symmetry	1
spermatid development	1
spermatid differentiation	1
spermatid nucleus differentiation	1
spinal cord development	1
STAT cascade	1
stem cell development	1
steroid biosynthetic process	1
steroid hormone mediated signaling pathway	1
sterol biosynthetic process	1
sterol metabolic process	1
stimulatory C-type lectin receptor signaling pathway	1
stress granule assembly	1
stress-activated MAPK cascade	1
striated muscle cell apoptotic process	1
striated muscle cell proliferation	1
striated muscle contraction	1
sulfur compound biosynthetic process	1
sulfur compound metabolic process	1
synapse assembly	1
synaptic growth at neuromuscular junction	1
synaptic transmission, GABAergic	1
synaptic vesicle exocytosis	1
synaptic vesicle localization	1
synaptic vesicle transport	1
T cell activation	1
T cell proliferation	1
telencephalon development	1
telencephalon regionalization	1
tissue homeostasis	1
tissue migration	1
tissue remodeling	1
toll-like receptor 4 signaling pathway	1
tongue development	1
TOR signaling	1
toxin metabolic process	1
trachea development	1
trachea morphogenesis	1
transforming growth factor beta receptor signaling pathway	1
translational elongation	1
translational initiation	1
transmembrane receptor protein serine/threonine kinase signaling pathway	1
transport along microtubule	1
tricarboxylic acid cycle	1
tricarboxylic acid metabolic process	1
tripartite regional subdivision	1
tRNA aminoacylation	1
tRNA aminoacylation for protein translation	1
tRNA splicing, via endonucleolytic cleavage and ligation	1
trophoblast cell migration	1
tryptophan catabolic process	1
tryptophan metabolic process	1
tube formation	1
tumor necrosis factor-mediated signaling pathway	1
ubiquinone biosynthetic process	1
ubiquinone metabolic process	1
UDP-N-acetylglucosamine biosynthetic process	1
UDP-N-acetylglucosamine metabolic process	1
unsaturated fatty acid metabolic process	1
urea cycle	1
urea metabolic process	1
ureter development	1
ureteric bud morphogenesis	1
vacuole organization	1
vascular endothelial growth factor signaling pathway	1
vascular process in circulatory system	1
ventricular cardiac muscle tissue development	1
ventricular septum development	1
ventricular septum morphogenesis	1
very long-chain fatty acid metabolic process	1
vesicle fusion	1
vesicle localization	1
vesicle-mediated transport between endosomal compartments	1
vesicle-mediated transport in synapse	1
viral entry into host cell	1
viral gene expression	1
viral transcription	1
visual perception	1
walking behavior	1
Wnt signaling pathway involved in midbrain dopaminergic neuron differentiation	1
Wnt signaling pathway, planar cell polarity pathway	1
xenobiotic catabolic process	1
xenobiotic metabolic process	1
zymogen activation	1
